<?xml version="1.0" encoding="UTF-8" standalone="yes"?>
<addon id="lrt.repo" name="LRT.lt addon repo" version="0.1.54" provider-name="Airenas">
    <extension point="xbmc.addon.repository" name="LRT.lt addon repo">
        <dir>
            <info compressed="false">http://192.168.1.71:10003/addons.xml</info>
            <checksum>http://192.168.1.71:10003/addons.xml.md5</checksum>
            <datadir zip="true">http://192.168.1.71:10003/</datadir>
        </dir>
    </extension>
    <extension point="xbmc.addon.metadata">
        <summary>LRT.lt addon repo</summary>
        <description>LRT.lt addon repo</description>
        <disclaimer></disclaimer>
        <platform>all</platform>
        <assets>
            <icon>icon.png</icon>
            <fanart>fanart.jpg</fanart>
        </assets>
    </extension>
</addon>